relative_path,size_bytes,sha256
data/image001.png,1177374,3c4053e3f0f7f047b12d093c1edb70261db4879ce7a7eab23f3b293cc8bc9b1d
data/image001.json,2781,381a529c1b09caf367e845a471309ccb8612a3819a2891b1c638e60c5212c782
data/image002.png,1171518,88f4c5f0e761f71ab38b22b283e7e10a2b8c1b6c29fbd81a0604b051b6814fcc
data/image002.json,2889,9ec212528b2e770f02b124f5823ee5bd3775294c00ea22604e668e2c7dec81d9
data/image003.png,1126050,13389e6f82f47e3fc5a246d6b10141dde22816c22419d938e1e8124b20df276c
data/image003.json,7220,29ad1355e6f4f171e4f2547e782d790459fc2fc8dc66cb1d57709282705a4f78
data/image004.png,1145713,2b756be0285d3e077679479e017b9951c3616adeaf8833943892e2f320e73dfe
data/image004.json,7447,cdc71f5ba48caf6f489bec40dc63bf95dff5108c9450fb611eab42b1b79f8e89
data/image005.png,1553648,4a504ff5db54ac21c3844a1bd3e25a7d41e67a8d35c6f6c06ddce1f847e1d198
data/image005.json,8250,6989c2aaca750ce8324ab2748e0f28fb905739dd97c5c471cfb46e511a5395be
data/image006.png,1021935,1b9bd109cc65da0a5d89062b267a416a20c1163a94e53f9d36cfbddba68db182
data/image006.json,9133,c42c1c56cbd7526820c9c34bee5300bdc37db995edf50841537d01e6d9e2e7e1
data/image007.png,970959,c2af1182cb25ddd8e8299fdda5c8f578cddff9735bfb88aba37c86ea497c306a
data/image007.json,7127,10875fbf0c4fadf5705e1ce41f47efe80b810949fc8189b4ebe6f08d3e8944d7
data/image008.png,1030954,d796baa4935fad03549f74b1467d91bdb88058b44a9d0beb41c172057d91fea1
data/image008.json,21855,03ee7f3eda4e7f31353a699b110f2e0e9de55bd7a66a330c821ff2fd126eb875
data/image009.png,1035169,70ec2f13abd2648163a2c4749b284b4d4e87ac14ed742994525e7cf5cbf434df
data/image009.json,7633,c73b0fe95c5538203e6f432e4659a2110333b0f0494753ac541e28702b541065
data/image010.png,1096013,5ba99ca189f91e0e12ea538cab95172070e38f162d1854b7e94ba674c51d2695
data/image010.json,17843,fd13020ac5af2f9a310f2dc223c7583d456ab33fb48e8c5fc4f02346706803d3
data/image011.png,1166277,0546ad05fc135334785d80dff325978542aa1a5d413c0a17764f0e46072a6e7c
data/image011.json,7377,1f32cadc2bc60bb49dfb00229c9017f722e4b7a0fea961522a2cc788d62eb75f
data/image012.png,1080782,a34a062563b4c63552c7e7ab4cd7aa0c2d02a3f7bac46710dc7a5d6dfc9a4542
data/image012.json,8948,a5f36a85ae527fdf18b0f980884ffca6ae7f0c0bf07acb9d85afdad3304eb3ae
data/image013.png,1138280,dcdc401d902398269ed5828952f2ec64dfafec8e0b924f936912b7fca05fbf05
data/image013.json,19895,57d5886408c5e52958b70ac8bc8b1d04ec87ce3ec7d95c43456c14aa185744c9
data/image014.png,1283787,dbeccef53e6db47f0155634c51034facdfed8e59aad3c8d2928a37b5a4b38a20
data/image014.json,18015,c300bb3c7d71c5c63244e73d9299eaf163985d405dd1e2d7a431cc37277a518b
data/image015.png,1091533,ee351b4c5a11675c26e432ccedc4cee7771f5436ee2405f95767e88912c83151
data/image015.json,7236,51206dc2f73afcbba4563d52f21238bd8753d56b923d9f02cf23564e217ba148
data/image016.png,1001616,d91baa907af13109b05c14b2b5d45728401a7ab74a482200e0e0995c260c4622
data/image016.json,2692,359b79cc7a8d7b05d0ea1b17e255affc4899c5fefb1a31aae608f731004e85af
data/image017.png,826689,c07cd13b4310a73c136e627fc5eeffb0d9798d8b55a81c815d0bfdbeb1fd18af
data/image017.json,3991,222027abd0c28cf00feceea0a3784b82b19712fd03aa4b040d7d745d7535f2a1
data/image018.png,920128,ff6735dd7cf5c5a619c396e14e6d1f18a413b7ae50b78a8551c5793baacedad4
data/image018.json,2704,cb7aa254ac880bf6b7f997015514fe25498a691cd0a24bb4d389f39c611d371a
data/image019.png,755142,c265d1ae2a881e65b409629f02134f7d7915a3509616cb041dff60c93f5d3603
data/image019.json,7564,ee09128aa552ee63622b14e0720ffc4abefe496f0bc95e6102c377a98112cdde
data/image020.png,846078,a7700e0415dab7d5990c2cd60c98abd6f82e71691b0de97868d245e6d617b2ba
data/image020.json,1179,1bb7f7a2f8263944c955a734c516edcaae8cfa097f5bf43feb53f4e48abdc311
data/image021.png,1162477,b0e603ea6eb9851d9b05f8fdc21a8e1d294a28e92fd135caa43a19d8eef3e3f5
data/image021.json,3679,9fbef5808df8199ccce35c7453a53fbd52fdfa6bf5139272addc0958da32de5f
data/image022.png,1006887,61a840cb9372f2ee36133e74b498bba4b80e785d915172a9c505c095773604ab
data/image022.json,1592,91dd1e5737878b540a2dea472d7b9d3d0da0ee81c2d397550077dffd4fc19684
data/image023.png,815717,1f121723f76a42f495311f4e4badccb80c2b6bf466b6d7440bf5fd442b2bcfbe
data/image023.json,1605,4e2275d94f4fae4a9679fd41b49b493a7c9e2a606c7dbbe9d43f1ed962e63b01
data/image024.png,900839,222eafa925167368cf8c60cd9a3e412728f350f447116688ef4ca0ee97934feb
data/image024.json,3714,6d24dae11645a4d8f50aaf271e11154a0e87ef0edfddb0647ffaee9fa9869807
data/image025.png,1068612,96be2f293bb56496661f27915756bf4305346b4fb5e7cf78a78b59d2c282e16b
data/image025.json,13993,0558ea4328195fe7dc0a7d3a55f93d961035c8eec87a78d7b0ce1777dbaef30b
data/image026.png,1248991,f25b94ffd68e9a07bc1ea51fb5614bd627ec3d138cbb1492555fd54b40fc2c95
data/image026.json,26261,2d70dc558bd427d367976d2515977fc2c08ac0e49a69573ed3b4eaa00eb236bd
data/image027.png,1407221,3d3d6be6a732d0740f606e11cb7c3452bd45f88d0fe665035de0e37230e6e0b2
data/image027.json,11792,c607712d4a87d415413f6cbb3ca406e50e0eabc270a4910ab357fbea4497fb3e
data/image028.png,1232961,4572837d5d19599f1046b989ef84c3d47dc5769802a52882d37ba750734e77db
data/image028.json,23112,17d2c4fdc55d865aad91a79420c4a3df9dc4595878082d4d27a2d595e135a054
data/image029.png,1005227,0bbac5b79b2af3ba1c9e26f98d992a63992244effe6e1b9ef36e26d590280b13
data/image029.json,12427,d32bb526dcbcd9c7ef9e5370601f03c8485f0855476b155088cfbc9854bb2b0a
data/image030.png,886331,d96461966cde82a39da410a05c454f419c7f3564fbe7380e4998b787c0aae890
data/image030.json,3570,dbd7dca4598bdc7b136884c14903cd0021e8bfa6136c97076db848f80f3a4968
data/image031.png,1174109,c3600cb1f105cdc373241558722f3fc6e3d3d12756e9bd831b7fe3dbf9898a24
data/image031.json,10106,8d8ddd5e69211acb4f3a8c43aa92332f3dff0fb84cd1faf7422b6548b5d7655a
data/image032.png,1001902,c99e5566d780e279e3390bb4061fb1ddabaeb58535ef82292e9b53de3f1f6563
data/image032.json,8997,0a27a82b4d27b3c372792af997d18193a5318d72f05c74f705b8e4ccb1092f80
data/image033.png,928370,fe31792b256b88076c5b7025d295d1ab77de5477817464ff09f8c5a093d20057
data/image033.json,7830,cf9dc77b165b98fbe1fbd42fd3c6610a2786f3d7d716e46cf5e150311fb79cab
data/image034.png,1095031,e563fd9e0a7815e9304c1ed3354c9ca328f5a54ba8c257475c39129a29996dfb
data/image034.json,16998,3d9def6a87d815cfacf7fa60a58559658a887baf8fbcd2c168d666734b7493ca
data/image035.png,1017156,855e3659c145847d5e08913126aeaed0bfca69ebb261aaae5bfa90fac5619e74
data/image035.json,22197,9996260405f5644c7eea8dc33565c05741bcf0c8b22efd687b082bce66f86da9
data/image036.png,1032185,c23db06083a0b523feb92d2d80dacce8ba1a6cb66865a49f330771dc5de7d504
data/image036.json,16764,d763cfa4e8c2cd3091a7c498608d93d5b2c07d512f13148b85e375b8d7826df2
data/image037.png,731260,13cea8c865e3a5819631bd8b25f46dfdd9b65c4ab6b1dfb5802d10857727a08c
data/image037.json,11170,ec556213e1294851bada362158e8ddbbba0776ec7d771bad1819373c89eef907
data/image038.png,925365,3d9620a2c6e6312fb388ffbafd50df8c6a982b9ce738e98e97a82bc226d94332
data/image038.json,1655,0f93b2d3b16ea74fea0db6b8b06154898486b276854ec7e3cdfdf6bbc0f7fa58
data/image039.png,785310,2995c6e6b38a8aa7b960aa76bab803f400ba51bb9877bbd1a6af3704faa40545
data/image039.json,5615,61ba707e7c6fc3a988c7bc324f186b194fce42bd29558a4d6f1e44dfcf8d7ac4
data/image040.png,1070384,7f514d4c77a9b4744f679ab1eacb5f22f8b42ff6b1fd820ac4018b3039ff7b9c
data/image040.json,13821,1f3f47dd3404e5b7adbfb3dfa3dcd6ae6fbc9f2b2dff41423e14127d50548117
data/image041.png,737437,47941c603fcfd7c218913cbd75aa4412ebd1ef564cb92bffc4682c051c3d5fda
data/image041.json,2717,dbc9ecdf62ff5a0ba6703e5155abfe2656f5040b7c9e577292235b6efbb0393a
data/image042.png,932810,f3c8d3f7a28cf5875e8674cb81f295818e8a38adadeb9d5e93d8eaab4d8f9781
data/image042.json,3837,d55bdf8a76e788be5565c1fa52f58081ff5366627e5a8a7dcf18eaea5cac6c6e
data/image043.png,807692,830c4cf5f066ab806c2d219fc2358849f8c5790e1a3633a2189bca860dad070d
data/image043.json,13690,e6735523536ae1a5ee83577e1ac05612130c98202566d4688248cd3a2d2059ea
data/image044.png,828694,f998f1e9a429154d7d44ed8ed38892904c63fcdf8b8ca7bd0dfdafa002c9e928
data/image044.json,9340,9c253b59e935bc03973585c3561a43c01a010f257b556c354ed890c660776f30
data/image045.png,709007,161c88b0814cd9626480bcde89f82d728eecdc1775448b924e4bf9bb51534ed9
data/image045.json,4414,d75992e4711e5696bb38eff4107a31a672fbd91f0b7695b07bae61528aacabb6
data/image046.png,855757,5cd350518931622e07a78f28ad7266f03faaf666fec857ffd3178e94ec020338
data/image046.json,2702,d3e654ab617da9f1fece18fc7a1ac9ab32d52aa15328deb6626ed1714ae771cd
data/image047.png,826020,508849159cf81867b56a3d3fb3ba3d63b76a1e4b3c94697f67494f521bf5660f
data/image047.json,3417,9d5ee1766ad834eb0ee34017d9e8cf5ebb88fdcf4cddad92dcf46f870c53fd0d
data/image048.png,1008412,d8b73185314495c47737e3f7562c5ecc4e01c0d95a28f9f6f794c67b2dd21c48
data/image048.json,3649,aac28d1758256c1780339494106fe6acdebbf50599f0fe375a9bcbbb50cdceeb
data/image049.png,794867,f49dcc1aecffc0a565ade29d2bed533036f55c9b169cee3986019bd8acf9ef93
data/image049.json,6787,d32a2c780254673b0b6de7a79d0a75f7f65c67206af644ab432bbee807504a83
data/image050.png,690498,48c146763bbaaadbbfb2afd73bc709430f98f1aa7ae736f0461ad768192d989f
data/image050.json,1181,c430a3d40b061c0d05f23db82cfea96ccae3e3b16bc9a22d7f33183871030d06
data/image051.png,1433281,d2fe43e7cfa67992de5bdf1eddb883e34c59f17253368184518f7e1f7071a40f
data/image051.json,51120,973e2cd0713b809cf0d168d58cc1404db1cfcdeb8645c246fb243a3ef9bdd024
data/image052.png,1613692,a0d2c3f17cf6aed7a9e3ba166c2c808ee2f44a2e7e598e89e873aab5514e7ac3
data/image052.json,338603,0326b63355e7bb81d52a2ef9d97c145519b777a327b0c25af5818ce8be19e63f
data/image053.png,1554048,018db08f7b43055dbf7b7b8a537134df7a446b3320d94f8cac71463ea9d54339
data/image053.json,214726,b41c91a843d2c0ab1b75abf5054df4f7e932bee7e718bd7571f8eb2a92fbc8ec
data/image054.png,1509915,52cc903b5a1293c92c297b5734f8192f4303c9ec4d33c959989894bd77dc9d9a
data/image054.json,40862,75079e820c35cb7f5c7ce1bdb577ce55e70f3a7d9c099642651eccce3c034cd5
data/image055.png,1477102,a7691a6314b0b6d644b5222e062273291721f2e70a27026718fce595e13ab109
data/image055.json,88920,f1c8e14e95604582763001675cf8af616850918de95ec97e29c81c770ff8571f
data/image056.png,1581705,924e0a79d5d959f8e6030fd02282f6f21eca8821a730d4ab97c516dbb3f4128b
data/image056.json,333612,6d6c2885d22884f043e2d91082361559973063e7ade882670ca4a99ce9f459b6
data/image057.png,1356195,98845322b6781628e8c5d56b592cad69b6d5b917b071c42e0e64614732f44f0b
data/image057.json,12094,d9f3acfd7d0cac8e00f205442c4896fbcb5af4fb33342e80e370a37c03125271
data/image058.png,1389692,34aa0a00d84b0973067d0a0feeb9be31efad5e1e801730b75585038f0e3c4433
data/image058.json,16417,088489d68402c4f14536a6812f5ebf4e4f075a37e99843e5f2d66f15274c9b8e
data/image059.png,1507376,68e7a0c3acd405e739f93ccad69ef78b004805e41c3b3596903ad9b32d9d5e80
data/image059.json,23593,d7a6dac058201689c71cad88b0afbdbee422cb2080ac384d0fab8562eba81ab5
data/image060.png,1280949,f5b77294ad8e5d0840b225792a1ef9d6fa2277955015c0554798cc2dd55049f6
data/image060.json,50038,d04422cf8f1292aca0507747a2cce6f27ee71b5622369b9300f76eaa6740f9d0
data/image061.png,1277817,99def55cc76fc4ef0eb172536352d32662157314287a859c1a5f409b691cce9b
data/image061.json,37105,2cd9b96f4ef5b00031f30eb55b7eb0a8b250e148e3466fc4e529936f31f0d4a7
data/image062.png,1282388,a4cbebfbd93e590c2c1fe16865e40d1686eb245f353a92a589dfa9835b7609ed
data/image062.json,13828,c019f0663f792deed2817e4910e5f6d8e81113742857371539b30f9ab4a546dd
data/image063.png,1333657,2d488259a5a2cf5337a4de98bc910a05f8dca1126c45d17a4850739ce5420318
data/image063.json,21591,bfeda605b8433ae797070dce11fe4984d224dce38a4cd4d4834daeb442c36e72
data/image064.png,1428405,03e0022c2ba730e18ca8724bf398f87a3b7123054ffda35f6d16ae5db13ff9d2
data/image064.json,22566,f85ab060d58a575211defb0be5e83621770c87ee69505ceea6429876e1da0c71
data/image065.png,1297837,b8b11257c232da8e733a75b69e6a6155926db794c1834720339e402b72405885
data/image065.json,14005,8370b1b820e6991f63bd792c1f4923bd3d032f9b41af72a383eabbf60de86279
data/image066.png,1242210,1fd039099208cbf7181976cf1857aa3098346076fdd1cec49d6d2c3883ba0e1c
data/image066.json,17774,601f202c59bf752fc26d958a77b002189ab09b38942cf8eb25d31ddfaba08a2d
data/image067.png,1347488,92f8fce7655a65f349b6f1909cf7907d6ce1ee924283c41bce4da18140e272b7
data/image067.json,380065,86a4479f6167318e1f618dfba83a424a54fa022fb7f7286e415bc8710ffe5dbd
data/image068.png,1432936,bfed057b6348281fc43866c93eca887da20f7323cf93e8e81e106be65b3310b3
data/image068.json,288598,d8aa8996ccc93476980c10146218de35a160005c1feb5bd560c04468d5603dc7
data/image069.png,1128734,f4523b88e3ef01398ae0fd179a393e74d241c50a9cef0176903c23f94744b40f
data/image069.json,260893,5a59bbcf4d8054d1a0cef24e7b762a1796059f3be7176a9f3a9df2fb84401e58
data/image070.png,1338577,063c690c11e67dc87585e2c74d09f9e3831f753198a46841adbcb7a6afb42bf7
data/image070.json,89328,58a8ee0ebb565e1add6a2d08664993635f2263fe0443775781507e0f2dfb4afb
data/image071.png,997855,c1fcc5c75379e148f822b895a5698718283cf279bd21e3deb6b417f44b39a2ee
data/image071.json,4271,6cb6e993bc269ed4530e7b7a8b0136814439556ee5fa2e363759f5d70f49fcdf
data/image072.png,1260486,8d1e7b7b1268bbf0d31aca50e07f6535e9b4ac4f8060d8bbb7cbeebcf65dfd67
data/image072.json,42977,7ccf17be82065a910f7ccafa6b7ccc8b86e37beb22f7081ee82e2e58cf06909d
data/image073.png,1381334,b5d6045f8794f885f19c9759d5f44fdcf6744d33ced71346685352d0ba33a443
data/image073.json,24454,705d6751dc0e1efd80134a12f1e0ad1789a9805e3567aeaf536c32b918765d66
data/image074.png,1591043,592abe984eb925c20244a66764dd55e30660f9978fc82b7d85bc485439be3fa6
data/image074.json,133383,4bf3d6c7b043fdb053bc66d7f5c1f0aec51999d283e8e275bb266be8cb96960b
data/image075.png,1087617,9915e861086c5d2f203a2963d3e07a7c612e8a958c3f3601cab8aae9495e967d
data/image075.json,149050,fb07543fd420feba8d1a5e77765b895bad69fc7e46f5542880bbb3eac925707d
data/image076.png,1473854,b6e14de326c348c907be48a04b34a6123b989cb77205eaf180d1b29bd3e3814e
data/image076.json,93979,c056bfcce52446466a722b90cd347c267521470fcd0d5963ffb719934d918609
data/image077.png,1323902,77a432f0c6709e7478b691f1c6f15d1f1655d31a1c3f1165887058ceb4952cd7
data/image077.json,301094,781958eed2d729d6dddc85307e7d325c869402699b34242ac4af9d2b6385169d
data/image078.png,1376323,8ec12c55660cd0e1a23543ee2a45c83f90b5443f600275044b2b633ab0d04281
data/image078.json,183774,ee7cd1ae726bcd6bd694f807b86aaabc6ae1aebeffbcb28b81ded1aaae5623c4
data/image079.png,1162974,144c99fd6f728809467c10b706f087b1eabb3abc46b8d59db40336764bb14968
data/image079.json,140423,d42b4a37d01c870b23caef5d8266edbe614612fbe8cf4d478cdc5284e110f84d
data/image080.png,1425809,b021d2d3b6aaa1a6bf225b41bc6bf3d70b6fec0005f66c92c2c1d91c3949d32e
data/image080.json,216555,b0c7c80a516316d1cec94bfa169fb4a63c91a304a6b7428a691d327e6de22fd0
data/image081.png,1395116,282ada5d740a246315f6e8409318864781a5d9b44347633e2539fae0de987375
data/image081.json,74196,d941ae6d4afba18a16eaedc730e2081213e402f13f6035b8ee91dd510a35d0e0
data/image082.png,1656554,4e341516e2d0a37bc7aa9238d31c325d5a2a766fe42b9395b6ff53802ab94603
data/image082.json,98137,30beb396ba60a4a50b0a638fc4ea2ef0515e05d536c0d9a94f6165715539a1b1
data/image083.png,1305189,c49944ceff32cfc072484c2e51394c1a3b1e5b7c6610b3530e0913ca980141d4
data/image083.json,77288,c911f7a5f1d380ac97180dc5feba01794e647ed0143338784016a7b603a09318
data/image084.png,1676484,cade644f2cdba101e16cf0bc4532de92a196d68c2e1a08e33da5494f1a7ed2d5
data/image084.json,164792,02fa4c5cd3476c933ea7919aa27fb257e8d2f53a0b1cd8783649790781d6a13b
data/image085.png,1487726,23102cca475a7379ce829049e8512ad8e30796719cd6c02f50e47efaf3cb0da0
data/image085.json,33826,d1cc3142532fc1005cb6bf354ddd14786ac5dc0e3d3104b9f9449b2769327b19
data/image086.png,1057981,4267187f58a42eea16ee591a5304f1c6bc494faf0f7d04424cee17f757c24139
data/image086.json,8778,dd63a3a2ccdfff8f49f9d0c76b7856ccb84f8b895574ef90ddcbb1565a0ca8cb
data/image087.png,1417145,e11ea71aa5e5a9cc07f3309f2bf97e1edfd9f6d1a97cb0df0ab879a558db18f3
data/image087.json,245950,4ccb92309aba3a5521fdcfff432ffb3c84527397027671d3d76b5200049779cb
data/image088.png,1189049,6b0482d6bade65d818c83fc44a90b27abec140e4ec5ad61ecf49216b51153ca8
data/image088.json,21808,6ff234f841a7f4fdffe70bf698a2c8f99d014551ef6ed36630fdef88950371de
data/image089.png,1133041,3ab50692b483f294009774f6b763521b364c94ca836c4fa641eedc94cda7d4b7
data/image089.json,6619,e67ea4c723682b838ce6d261529e1ff9271f04813ec8f57fc2424a969088fa56
data/image090.png,1337695,d74616383a69704ecd8aba23e2a8c0de451d75d03561ba0519292311cad69fbc
data/image090.json,52895,3092808aeecb253278b584b592b47aefa410326a829b9f680c1c9f69e4fded4a
data/image091.png,1718986,65f3c3f78f46ee4dd8a34e13d8bb971f6f748580c9d133336a9847bd5608fb05
data/image091.json,16161,45875d8121986b79327c9fe17d69bcd74822cfce91a7887f3e611072dcaf62c2
data/image092.png,1254601,79bf97f73c016afaf64b8c8ac2d24256413972172f2e730d875e8b49674f311e
data/image092.json,166553,24d212c22a374988f3696fc3ba08d60c5675ea6323732b37dc10352ae12ca9fa
data/image093.png,1511523,789a6d8c4454a3e37cb50f30b935353fc6b6965d7cfc40b69778a9de324c7940
data/image093.json,38674,dae4627be15427a2cff595b73af09aa7e1f1e52877c5c5383acbc1b2a35af458
data/image094.png,1081246,8b8fecf4c6f5744df1edcd92a37b69a93c6bfdc6c1e80bcfcfb13a9bcdeb84df
data/image094.json,94881,7605cae18502c433fbae5e54cbf0fa427da12dff7945da6cf0aae541c5b1a8a0
data/image095.png,1490193,3e2219533be65feaf66e32eef0d7a12b11bd0e9bdc2633ba1692fa06efadd384
data/image095.json,22228,d444178794c429ed7a477703ba1a1114d815b8f40b03ae688c6a5c38e3fe1e5b
data/image096.png,1397426,38e89ca7f235b0c81e2415eed2bd8b87f30783c6b7f5cfef17deaee7f534f094
data/image096.json,39510,2013abda736c742768841fc710317f755a7ec5b1b17b123c8414be3319fd0df9
data/image097.png,1022968,a3cb5e6fe541cfcbcfe40bc61ad8bc7dd82cfb57c9b81f2af28529870d90ae1b
data/image097.json,48276,2e40762a747d9ecbce540324cf9a4524e787e236daef943a53d577d9a7ee17a8
data/image098.png,1337739,67d75cd9b3c1709aaa40cc7b5c8962877250a8def86b01ea7f730d8933a02566
data/image098.json,115085,4b607ad2df546be35138b695454fa902e8a1c4187d0f5c7fd5df3ff2bc2cde52
data/image099.png,1207701,e367effa8fca96b39bd7742dacf4f5547592bc861c6aec29b13bcb89e5d2d7f7
data/image099.json,99198,444494c021610ea26b50984a5bd5e55136bcf957209af9868112f60a5286e73b
data/image100.png,1274635,e64dfd02db43ef1d281a7d29eacbefb3c16c7a8cda6ab6ff8976f7717373b3c0
data/image100.json,96107,cbcaf7b2c6355bbcad5e76148ddcb77bd1f1f0392968007fd76bee7561f9e520
data/image101.png,1336376,52f037e9d6bd1240b345b054515093d31a9dd59f9056a517d1449451e2723173
data/image101.json,49036,49ab86a4c854043c7e7081c813097c80b7a854a9eaed2f89083ef7e3a6c17732
data/image102.png,1353854,0bc2b2ba066b5210bda1329392ecdce52ecdc74d35cdd8121e4e62dedaffa04e
data/image102.json,103164,d04237428dc36f2150ca0f6827fb23d2337f003e7f4baa882baa719b2cc7b01d
data/image103.png,1318933,329d8f2e5e746537fbb643b1bf48eb92ddc8144bbb2764ec8b268da55a013d89
data/image103.json,223672,21d6cd9d72df46d11af6c07c76fd4c1a3813ffde6270e9aeb4635ba109d413d0
data/image104.png,1114395,7bb062a413c93b8b73c5e1030ef95a712c350e2239b5b896df7bcb4c4ca6c28d
data/image104.json,190670,0368470ed8bedd3aa94999d217ce10fe40e71e09bbd15851d12471fc22b25867
data/image105.png,1365997,baf12ee9f0073320453aa547fe0d210d3dd929acee195c63355e10f17c63620d
data/image105.json,133251,43c44cac915e04f4a1f4109b98cafdffee6838dd32279d1e95c7455027e973b3
data/image106.png,907388,0e089e6640e0eb9b8f7934783cd1510faf71ead3d8b6f196d054675acd754e3a
data/image106.json,40721,c67cf372be800bf2369001f55aec3f10b36dd1f8f647b778f8b7bc7053d6b4d5
data/image107.png,1521483,b25019d81df0fecf16ee6f06637bbec9965ff38dece70675cf6b1e096bb92e6d
data/image107.json,175772,3cf2db7d344cb7a617b905841adb1b054c0f8c2b657020986fd27cd2879f1af8
data/image108.png,1491653,3cdfadd5a32fa142f0febfcdd72e231fe16b96104dcf0b4cd73b2072f7491e5c
data/image108.json,90512,503e62f47fdc2e2bbec7131f26a84f2e8f6a2514d8bfc5146d4fbfb6901f76ab
data/image109.png,1131606,a2c7f597247a40e1dfd8997d0d87762d96abaf55856b87fdd0892fc49bbdb337
data/image109.json,12005,a846790662544255bef7cfe893ab0db1906096dce5fccac3723d92c06b962145
data/image110.png,1328094,4ed14e1060dd3b21c523ce47fa553af3584d61cbb98cae700cf6c3e36f60c97a
data/image110.json,86502,d90952822a0e92c5600dfc3b43218c490a84d3a04e0529166167d4f2bd92bf6b
data/image111.png,1102511,83bd16f894de1e05f5979f4bcb974260268f23b9e56bb3a95b5adb6e0face46b
data/image111.json,4008,cb099c7a08b07c97276c1117f7ad6a444fb1411937a76eea033db9bf5bac6984
data/image112.png,1180070,b97d9a4a12040c75c3f392d2a205c7a1df1d1e99b931c6ee96d6147c58f63566
data/image112.json,3465,2447b48297885057d08ad77483548b115fe20ff9d5b341a73c6d9a0f6cd18788
data/image113.png,1093271,fe6a9245608c0ffe570602ae737dbe37ff8a5d74c20ec7e573ddc8b348b3165c
data/image113.json,12454,cb4e19eaaf6a84e96e67e0e835bf5374f65e6ee79760046e6733fcb333f2ec03
data/image114.png,904762,3988d3bd549d4ccf48f0d4a092daeb75e6f0cff9fa0a1d615ce5f39817b6ddf0
data/image114.json,10857,086cf49beeac4b2585f2fc518b6f5e2623146c8c8be6489f7b33ecad2b8da90d
data/image115.png,1240216,0fffd42470ec2c3c66cfce7d6a0234f43f868e4e90a85b36805c20682ae22581
data/image115.json,66975,66828cd46e43cd2f46e7e9e78b1212e6ec5a8525566238221725f27a3f010c2d
data/image116.png,1208961,a168746d2fdc3561b0c5ce9bdb29eeaa8b2bdd7e8a0ed387dbdc0ede891bf70b
data/image116.json,3919,246593a56856b1fe4b689034bcfe9009be592782ba39d5de6182f2aaf8141bf9
data/image117.png,1271543,62b311611abb7ce5e18e655674ad5a786207df80621bf90da0b41046f36970d2
data/image117.json,72138,7d8d57ea7e04039e529a0226ecdc2d800015898779f0eb2afc4715f93b462484
data/image118.png,1134377,46c3ab0c84277a48961a696a6034dfc30cf5b54e56c3a036e7bfbd0bd90d1060
data/image118.json,109282,eed9617d408d95f122bfcad2310207234165b516ceeb5e0482ee6be1c183ef1e
data/image119.png,1643686,da27fbbb78129a52e853b737e7a3e9c974e5d27b493412f8731caa9a6e56ae85
data/image119.json,27239,c1d583f872bde69d7b4f33ee1e1149b33cfa2a9a6a094daa252a06994bbfa677
data/image120.png,1559990,dcc489060eca9682f150c962b2c7338ea20ecbf261c52b2c6bff9cf8af06dec9
data/image120.json,28318,cdbe60094debb72c5e5a39ccdf5e075abf2a7d4132dd9373db08f83df82269a6
data/image121.png,1706625,78b7a6ad072e4dc70390cd524225434b6eb45a04d41a30da2c5213338bb2564e
data/image121.json,148069,d0438e0e7000c0349fcabea573fd408c310e259329f8520fb97322e09884ccf8
data/image122.png,1447324,d6ece3565646a168ccdfc3acbfe19780784617a3bf507ccc92230417372efad5
data/image122.json,269956,a0f62567cdada78d67ec79d27362c44551417598c4e4c56cb1a0f18e8e847808
data/image123.png,1274152,26803e362b95cc52384105e945da053393a7afae70ec4c60b05a32130d7b4c50
data/image123.json,13060,4d7682699eb2e389d71593bb430c37f2a8be0daea8a1ee137b0c788417a08ec8
data/image124.png,1001415,795cd372877b08c9c77e8b32b97e88e094ac8312ab8e34c7d065f305da5f356f
data/image124.json,28169,3e82c394a86e0d1f7ec3e8c6b54c930b60229a387b79a68970dc98b1e77fde10
data/image125.png,1253108,90d44a550d30b2e9b59e4a16b83c415910fee2d04db7577fad67f9bd512bea17
data/image125.json,5865,16db64827a589491a71a36ff34c4fdb02dc773663f0dd6807a36fb95185c7aee
data/image126.png,1148828,7686a7e2ceb434ef627d546dc9f3abb698ff907bf00e65b71cb7ac4cb0570dd9
data/image126.json,30569,81aa377bb8d52e99a22c5ed4c1bc0e21d631e5acb0c168945046eb02205a3ff6
data/image127.png,1101583,19880f98b4258a65840c856acf649df64d5c842d6360a39031cad4c0dca80176
data/image127.json,22940,474746c235ebaa3b01c9ef5aade95e6e9da8407135f2c44acd42c3efdf8421ea
data/image128.png,1338218,0c63114347bfdae8a887e992ff81f1fbcea738f1f6e61e89a31434f932e5c215
data/image128.json,62788,3e3242904839d2f6a3c395a519dcf13e308c26a00bc9c9e9b35cbb165722e46c
data/image129.png,1294677,5efa2d1ce47b3bfdfb4013fe5ea99de143d4ac205419035c01e0a898414c588a
data/image129.json,26541,bed239de7af3ed0c18b44030cab6955cda5a0ded70ec06bef24ed343ab7a0ceb
data/image130.png,1431307,93afb3450952396aecc1f9596fd36352421762363219ed09a687567f0cf7db43
data/image130.json,40532,f36c730fb2a32c22ff09c343aa56f6af85998b2924ffed0ac2608c0a1dba7a70
data/image131.png,1199078,064ef3c4afa3ac48f36d5c6d8fcdc8570ca24f03a0f64971d5f1dcbfb53ce942
data/image131.json,30899,7ccf6ea1e60e5ed6d5c72f2162cbc6d03e65ab609f9943e78f3e855896e3a7d0
data/image132.png,1379461,31372fc62713f570b195c659787a35ca61da29baf389234bcdcfa6e9d68ada1e
data/image132.json,92196,75f17276677c0c155b09ef5e825880202680882908ef499f537b7d45e0eedef9
data/image133.png,1308337,13a88777ca2898b1bfb4dc80d8ef34eb59e87e4de10b7211c259b98fea00be11
data/image133.json,56428,b3c281dca2f4675939417179c87817722059041a2637159396271231c0afb54f
data/image134.png,1350232,e20755325ab09db3465f8c505c29d8c2d566f8dc6d7c997e68c2af755d281322
data/image134.json,42983,859e1a8455e33b2e7b3d9078d01778980bdb2320c77e4250bf10b2460f3bc1cf
data/image135.png,1375698,abe2c10fac88903dd692b433247206c9daf03305df7c789a9f1aa1b3df4e5fa6
data/image135.json,90686,ffc9bcdd61860190a9f2915cf7d3a75771dc1e8c70d3ecd69fb449de3c4debc9
data/image136.png,1472089,d5b5c45bd50dcd76b5b4804abf7c5dda7672da062e7eaa8f2dbe24470f8b2f53
data/image136.json,60674,e18560f02a019abfa792ce88990573b9efb747f3055220ba14bdc9fe3af7cd61
data/image137.png,1472441,1cfbc7282e514491093eb98c3653c3e86fc58810c50d4381b39020379e169aa5
data/image137.json,404554,c7f3aaf9ab32d6914d01dd0cf4a60e23e797e48a96c19a2a6fe7cdaa25ac82f2
data/image138.png,1177587,987d52be256f968eb2b7533d57b930d5b159676882e07f3451d3952123268330
data/image138.json,143282,9de2b9c6b044f52ea8cbf40c1ab677f8e951dfc2b548644da7f93a1abecff0f8
data/image139.png,1183757,9a8fafdcd99ec4e299fa87eb4b2fbe16972401501f0233445dca078adaab96f1
data/image139.json,137225,8bbab7c87d2c8ce5d11aa638aec5beecdcdaa24da8ef00a1339da83566750c90
data/image140.png,1073673,66437f319e0ec73e44bb4bbcb1e4824eb68d386a77f9e4840636c1637fadd6e0
data/image140.json,91751,c692084fc30395e987dd1168591ac478775e373b76638ce21332ae94dd7aca40
data/image141.png,978546,b735e5e7adeae4ce1cd87425f86c80722bffac169bb70ce67947df28e21f215b
data/image141.json,76776,80c207d30652ae765f04baf8e378a8bf2138dba4e60c926e3136e243c2172389
data/image142.png,1302409,a6c0fe919e6e6b94f59417a4022f043e43cea05c15300fc3a6df40090c73c12d
data/image142.json,232101,6bc396beeb93d40943e1c2fa6c6e3106a61eca76078976a45024270a6fad1484
data/image143.png,1302993,9e0d09b306444253b4539224ff2d74c912737dac434b41ac5407a6150649ee46
data/image143.json,114223,ab49a6b4bb1b27017e536eb534f8306aedb1dc99f9c712a6c12aee01a58c1a6a
data/image144.png,1323225,0bd2761705726e6b973a208ffa92fa745555322e2004b027764ed433e8f3d261
data/image144.json,19361,edd10d72da21c6d4a83c48954d7c17b9a7c6d62a9fcefa47ff7870b16c5650ff
data/image145.png,1185239,227024c3a0e1b6e5bcee66cb83659592a05f854dece02f23d66b077c012eea3d
data/image145.json,146203,1b11cf3d3a82dea5e95e71d07b856d75c835ab52843b693d4d4bb790ff3eb7dd
data/image146.png,1316481,116af073433c10523a1f138e607762ec922b35f41345e4df0c91832c291f1d32
data/image146.json,27616,3942e7ba2a0e3d144b0f76ecd407f4d3835df22e3b53ef1fa69e18489100d609
data/image147.png,1408778,e1b527c65af3cbd8024d56c91abb7b88b79a236c0fbec3eeb5a469df1df81020
data/image147.json,75703,241d9921ecd8eefbc936dd1f1c18917a3d16752cf78c31657aa143bad61ad12f
data/image148.png,1477099,f140bfc98149586a96dd0b3fd17ad2d47205b60c8f97b0ff04761896b6786d18
data/image148.json,36823,887f6a7f605d05af087039df9c919cf190e342660068b556d9c8111e0d96d311
data/image149.png,1363288,106f931ff791ba74b220457e8a21d70995051e36c2eb1d75bf2b7cf3d1eb04f4
data/image149.json,81466,f350831f0f36ff89b2f4fd795d67516e199ed2126a72a7e510699a884992c777
data/image150.png,1248607,ad4cf0ec6df8bed71a2f7f92b4e90a4e1a97bb42516a0370635331af8a302adb
data/image150.json,92256,a9fa3618a1289ad589ddd73f0cf38f281ee32b2935c4457f178fb5d67edf390f
data/image151.png,1143739,f8d2d210213481004be30d5696bfecb959c1aeb412d62bb5ac1a3c017e1287c8
data/image151.json,69535,d65ed826b3def16aa6333083d0ca639d2a2610b8b9c7d50b6fb7698010c64173
data/image152.png,1181354,857618a22456a4295f31ecf7544d87c45aa7f8f8d78cf13ae94261770620eaa7
data/image152.json,82172,2fcad70cecd73b1c788e8c16a6163f2de6f1528913da04d4cb69265532f2d5a7
data/image153.png,1253562,b5eb04816d24a711bec306b854f5ed169d2d21142e450fe1df6285b13949da00
data/image153.json,135658,65d2b7d749a5809f05d407e9b12f1b11c865e758a43c779018cb0c2a50fc38fb
data/image154.png,1373034,a4afd40993be403d87ab81b4b19f2d4c905f988e72ae500215a0ed04766433cc
data/image154.json,72075,eae001781b3549e396449bfe6c951b45d1f480e98e6d2395271c281047cee3a6
data/image155.png,1391639,3162d620a56e64bf3664e9e94ab3c6007931e05ec0eb6f9859066705f89bfbac
data/image155.json,38095,6947c0c040e7213f7c60162000ea3dd4a17bdba0187e0714c7d90221f038e3f4
data/image156.png,1213191,3f93be81ff40961c6f35d07b4e426ab2a82474227cc25e94bf762255b7818e27
data/image156.json,95750,2458340f55056cc75629338d77e86a64e961c4944e7acabbf1bb6fe1d303c774
data/image157.png,1518498,b459b753f47dd2b6e9b9a15bf109f36fb01cf1cf757c42bc12478716e2edb5c5
data/image157.json,97290,e5c3ae6fbeb15b487c148f482faba04b8ef3982008e4af6f2f66a2d4a469223b
data/image158.png,951630,da5f260de895b961b764412f61a699b919ab289f1baa93b2b3e07f120df2316e
data/image158.json,68121,e44369ff5c0187c4deb7f0109687546bcc5b7ab68a0f02a49901c9d3ff6a8c70
data/image159.png,1568018,2357bf9a9ad4d47c038ff32b5abc3f3488d47da7dddf2006d5a5a603ff64a95e
data/image159.json,103520,f3c3585f76b4bc1238b954ae54542fee2780cdb7b1323a13bd4564a4cedf688c
data/image160.png,1087168,8fa9e0bc011e9e1a2c4d1d0b3bf81f92370703beda46cc2dc692fee16973985c
data/image160.json,113448,f53102ace921b1e69238f474b49e536d85d532bc3bb0091e5a6673f870a27ca8
data/image161.png,1104340,dc11923fa5992c18993bbfe66bf4024972a52cc95d312b514615ed38cb88af39
data/image161.json,191812,a1a901104ad2ae2901018496fd1ac000637fdccb3c0357d100be4753e2830319
data/image162.png,1054361,ee43538d19074f2f8f28cfc79f87879bab8f2b22fd0a79e98975e2a14acc96b5
data/image162.json,8783,d7078253593de600f2277a2582c6b1cc5ccb26c5add198a32d0c868febff3e60
data/image163.png,1473608,13bd7b564881819485b7af65b50a7bdd5b22356798f7bec464acba88a8fdb10e
data/image163.json,157241,e0ea7d5cc191730f348b250a84f1e7a0abf7d21538cd3a02d059f07455d15fbe
data/image164.png,1342336,a33e5ea41e54691d151b7e8e06b9820b5eae945dbbe79178842aacea84431444
data/image164.json,56807,7e5118bc168b12267db87d54b2832fdd3358e5de6cc45d0985671421f6f723c8
data/image165.png,1412100,f3e47b60fcde715f6bb5d7b07d904bcea216e6ab4c46ad76d1b61c1d40c1989e
data/image165.json,53818,13d3e8553593fb87ccfe85e12c205cd6bfb700c0aed5b6dfe936ce0196864a71
data/image166.png,1259928,0aaa7343f7f05b5afff1c83459aec1223ec3c999a66105e5a70a893e83b02a86
data/image166.json,200171,cbcae13da58e0a601dfa4c0cb3c1557115fe09aadc05549c0ae14294bf4f3453
data/image167.png,1427801,c4227ffbdcd02e9618f67e5cd967da50bccce5308e95aa41ecd8d7242d3d6a3c
data/image167.json,262583,1013380a392a5d254cfc35c4ba9a63dc9adeb785b4966ac0938ef4d4d670f986
data/image168.png,1174178,3d51dcf0d2a2d4c267a1fb059285efccc325a05968a7cec78091cf40912f6934
data/image168.json,199949,fcb82a41a3ae436b4def7e7162302a81f9a934071cf83b7bbb644857cd1f96e2
data/image169.png,1460948,913a8a8870bf3f294cc4f90c6b65d2ae16ded5fa9f71ed54fc275178868a9fa6
data/image169.json,44770,33afe10e9e558c20bf14914dfc56046adc8502baadcfec13efdc8b5cc8a08a4b
data/image170.png,1281448,b8aeb7e1a893b34c1cf6b94c4a2dd3dc4ea53dd41d1d42f26be685d6b45686df
data/image170.json,286576,f7a0b1a1380214e8e2e963c7021257ddf492f251f83843af86a0a328c441b4e4
data/image171.png,1131864,5e2cb75ed7c10e269fb38b5ce5761d875715de4c5814f93e2fe3ec986d846f59
data/image171.json,68405,c8c3492b3887b466a2e4abc9b41879d5e9fbe0b680453001b7ee6f8b103c26f4
data/image172.png,1337612,82e7b8ee60573793b6eaef799290f4467086c9641efc59363351691b0cfecd9e
data/image172.json,238443,81ac347cc1b7cdc048234e1fd6cce8ac1d4b161d6e0e24cd175479551ec238ea
data/image173.png,1550095,3380fdfc7a1cf012e2fda5d5af2537898892648f1be4d5423da8a6256c37bd99
data/image173.json,64721,86557bc750679828be4f0cb254e0ccb72fa16c1e9b5f88ec6d25ef7db9c26383
data/image174.png,1496698,72aa279ea43f34da914e5500e4f6fcbf6cd5b45a777093fbb88462cb7f563660
data/image174.json,89490,c099fadb19aea2482719e33c694b845387fa736613f4806e23d5e6aab36c2bd9
data/image175.png,1146930,e0f5cf31dd3a026cb5eefe9c42b1495ba672ec049478ea32be7dec7e973144d1
data/image175.json,107008,b55a7218796914d6aafc8944f4bb20576eded859c00754153bc5b35e2a249136
data/image176.png,1368914,a7013927d92fb8ec1e7365164e79ca7a3ba81725cea2b4d08330e4a39ee518e2
data/image176.json,26741,ca790c3391167402bceba6dfa201143b04f681249846f7774bc9b5e8a10c9ba0
data/image177.png,1313984,5b035ad970f808b5618ba3c3b8b0dfc19a9a13a047fa775c552d124087e2b725
data/image177.json,37012,7c7d15ade24681257bb3868a4d29beb3eb984d2f9f078c7f980f8dfd35ab71ec
data/image178.png,1476872,06e6512d25eaa66fab3e502066e9f50f28809420c78bf37412a9d8230107d610
data/image178.json,139834,3078537389620e5ee0b645a11cffb524f0dad2edbedd41c8bacded6c94fc2985
data/image179.png,1189073,a620cb101db1c36fcaa03c1dd8fb2f0c2c454ebc98e16e7b54a2859e96295254
data/image179.json,52116,dcf284f79ddef1cf4622635044893e3545ff2f66e05a2564741c955d65017f5b
data/image180.png,1565184,89fb8079ba779f3814ab66d598a7a4db27fa66f779fd81f6e4312ecbc0ac6cf9
data/image180.json,186975,8c099a66de625aa271eb14b9e8e6610ba4cf340d64f784f28ec3875fd5b82994
data/image181.png,1558929,31e2d226710835526dd7c73b5769c6799e0d5585119a0f4f3d3ca07248140ba1
data/image181.json,299076,062ea22927019ec40dd66d15aebf9945b30fe287e1ea57a4605bb0913fd61a1d
data/image182.png,1341913,7192c54b583f01795c777f313e3177a69b9aca7ac3a5aab3f1fc2bdbe40a8b7c
data/image182.json,128835,cbb95aa698aebf7f9eec6d9a550f723d8f4e1503a9f169f94d1755d5f5cd2998
data/image183.png,1257016,e8871cb6575e9134dca596db27d2057e78c8dbd7e0e2558a9c667df1ace488d0
data/image183.json,89666,621950a08fb95f5974473804a402f45918278ef400b4e03f019b32dbb74dbfa9
data/image184.png,1350953,ac848f18bd4c722abb95f0110a132ad1e31e7568be86a7887b0cbe9aec20949f
data/image184.json,76213,367cd1f8ca88ee697541db0d59531f960b91462ee3aa1d2e21cdbf33e0f3e9ff
data/image185.png,1501079,a0985e3c04a69141dff57d55f1d90db3f6b0aee7ea9a2924ef553494592bbdee
data/image185.json,85859,279919895d40723ea0a38a95a6f2884efe36c4f54ccb15010fb357e97fd2516d
data/image186.png,1263985,8f66884831d047266a80d4a9e87f1d1aa9000a9ec5113970cc17625f4af12c44
data/image186.json,50232,9bc3a6b2bb3c6ae93db3346a466d8d699f4af75746d48380e4d7615021534136
data/image187.png,1196347,91f7b0c14e8b62d81d1770f60dfe68592c228e1d4b412218d7c20bc0963aa16f
data/image187.json,90598,2972da827c4d0c71f7558372a60ef991f0fd311cd1ffd7c5ed98066d15407fe1
data/image188.png,1123993,ba9dbd818dff96e07ffc98b79c45aa270fef6dbaa032b713bd6d9489bc6abfb5
data/image188.json,149213,a75bac2420e977bbb862adcc8b5b816661d0faeece07721f44ae9f342f4716e5
data/image189.png,1354966,1b7734e46112406864477b08d9636474cceccf9a989296d3ec557155112cbb44
data/image189.json,48003,5871414c13195860c2972d2523d73c257e8635e5ee9133de13c91f4480b70d0f
data/image190.png,955825,97971a784fd425c4bda2edc0d5fff244cab18b3d30908d538f1a856565beb918
data/image190.json,13768,66510539dca358cb7c65cf3b66ba7ae80cdb0eed38f29a2a7c4ffb22572d8bf9
data/image191.png,1599934,fc6b91c77e7cb806e260154a5d80164b3e23089ffa5b1b6e0770e9856e6dd88b
data/image191.json,189928,5418faf19cbc21962b7ea2a6786a9d40078b81739af9e373765b8a9257e6c512
data/image192.png,1154287,0a3aefc2e3e47b0f9510a2a8a3ba4b17a4ce0b0e7a4ab6e5236ed8ad4d9d147a
data/image192.json,71493,357a7db099ea37402215395fe40078f750c724bf8665ab9a3ea91adbf8ee8b7b
data/image193.png,1699219,de2d2facc7ffcdcd255f886885a4558204f2eaff498fd2f802eb6453be0653b8
data/image193.json,206613,69d873fbf9d0a265833f7434c491a10bfe0a7ea2b55dfa995584d7ef616ee3bd
data/image194.png,1573018,7866f3d5d5cb012682eab0622103760abd25358359e77c4400104e9746647ff3
data/image194.json,304626,e85433e26d47797e10290c795daf4e45ea0570f70de0740ccc037d2d4a8c911b
data/image195.png,1594258,da7ab309b0894e5c42c7450539cceb352066914faeb488d3acc66a09417308e9
data/image195.json,157931,23c8ae9acbe3a6cf50265e30dfb401ce24c98393d4153c07c29a23739ec022f4
data/image196.png,1173618,ae0577fffa9d0a313b98680ef494f6009fec56c41bbdc98508a226197f448341
data/image196.json,93925,d1f9a2eb152ba464d539d8771654c286ebc47c369af1fa8cdebfc690782a6126
data/image197.png,1621157,4ca6de2753a6cb7c64a240358ac52bffcfd606aac6bac6b3fab963827e6be68c
data/image197.json,292744,da5eee5d94b2259648b7f4e0578e5dbbd3de1b53b00e1a19076081b5e8431ecf
data/image198.png,1834875,d48f8645fd07d7a495a03ab5f12c6858a33a94dc722818c31f437af100e361d7
data/image198.json,165289,f9f6cff786ce7bb3f7023cd2d97aa890e1296630905df7a8a534fb2f8a70b08d
data/image199.png,1438723,d8ff76e7145acf2f51a9db45f967d40de45071a8f2c6467948b4c41857f848d0
data/image199.json,293996,8a10224fc3f215204afdb71280ce3d449f6e877c0347d015aa6edf36b8880b27
data/image200.png,1271371,82d6c9bbb9a8486b40c03f7d976c687a1521de4efe4a2b0a28f8bcba4c0dd4d9
data/image200.json,5314,72612317d23f29362413aa1a39e4baad7e5e6a2fdf6efe9b80ee31a3f61da629
data/image201.png,919280,67b27fe1004cd83311ec9609a4eaea3dc4b32ca5b11e2ae7663101d09da13c7b
data/image201.json,3688,35d6e3d55865997c513663e51bd3a1ee34cafc75f1e90a7831bc2fbcae9a8730
data/image202.png,1678350,47927fe061ab4deb7361fce80f15c2b20f1323071d4f1d358e1532457b5578bd
data/image202.json,44450,14ad9dce9f754023f7b2eb3699aaddb503ea541f63b8e6492c537c26019f01a4
data/image203.png,1116684,c1b3680fa6b68914d24712c52c0dce04f6090f41e0351cca23caafe72f847ec7
data/image203.json,2216,f5ae7d4b414d4e06b9d1ca69b5634bb75a43a629ba5f545bf2a6ffb7cf118d05
data/image204.png,1447713,c0acd634473aad91361c312a3b7e92720b79ea6f564d8c975774246a54035b7b
data/image204.json,98996,368266a483d13179260b173d69be32f62247562d402c5521910691cb0eb21772
data/image205.png,1561206,bd67de39372a9585170a1732eead90c44da56b93caad6aea1105ef238a2910da
data/image205.json,217106,2db85ae5574d91348da22951d9c26c498aa520440d792dfda7a9b012e81646aa
data/image206.png,965793,511753ca311484eca849566746140f87eaa0e7f4b3b450b94e078f3ca1fd0312
data/image206.json,11401,f571b078db8f3433bb25f7d9c7e18d4d8e04a38d2e7844c90211b1c77d300420
data/image207.png,1295028,df70c5ccb7c3b5dbb52470b05425e321158b24997a65e89366c192b0ef9b734d
data/image207.json,9229,d32efb5101b68f4df446617e2ae9b5a8ab2a6703a3d8360022025f112d55ae3b
data/image208.png,1285573,7277cea6d0f396c3dc6f144a6b389e1e4ae12c5453059dd2a19bc364f3a63cf3
data/image208.json,5885,ce9167eb0464ce881104d611d9b2286dc2b78bb7a25c7c0152e4b086f763f117
data/image209.png,1343215,6dc5b28cab227e21e7507e3abdf9be5df2de9e8934d2edf91c25ab668d860932
data/image209.json,3963,f750ac4d610740faf3130f8a0765a129866d73cbe94eb09a0887589907257443
data/image210.png,1332339,630669e2e1da03dd5fcdcc3b9d803756ce030f4f039e5233d3eb382c3f88f206
data/image210.json,173430,98a1516102f12a18674c375a16126f28e8c52be578d4a0403eced3be682c47cb
data/image211.png,1269971,ea328534ddc9cfcd5b318f8655c5abc62c53ed1d19cde21368008fb538a34297
data/image211.json,17648,fab032c0889ed3e3498f3193916bcbea43da343d10178d36b57b89392cf06e19
data/image212.png,1352980,490c44d2df96b486026aec7bdca2d40d53cf705ef77dfda44d62395cf059cbc0
data/image212.json,9597,b78fcb9e8333d49d7285792886eb091b0f5005433362fba660667aaa8a09f7e2
data/image213.png,1256686,d9050bed40afb4bf256825e0d1ea465477b5aef121b7b664723c88d3f7b5abb9
data/image213.json,10142,d26df7c28a0b244857ab168eb681e08f1b8cde696eaba24188bbb5ce45d0a276
data/image214.png,1379350,3fe7ce1e0f28c05c464e7ee23f20dde92ea23b23ce98e2c0cec41210e3c9805d
data/image214.json,25955,c7767d333f420174a68b29fafe89c15d00ce2069ed40553ba04866d16e55637b
data/image215.png,1453109,8135b58c5326e2053b9fbf7f735d572b9b51d67541f166bab5b94272d5824f87
data/image215.json,377564,661a1f18d32b2d623ef38778a954231c7f2eb59a56a163708443dd6bbc411f4c
data/image216.png,1399397,c445af1aa33862806d8cb171cc18749464773640b9bc7e04a6471da2d4c3477d
data/image216.json,8996,e00b28dc77fb906937a9f4e9025a61b357f515b91a840ade68b5e8f98fbe9e75
data/image217.png,1618691,dfdb560e53edc2ef6b9e3152a15e4dc486b0c1d91d475ffd4ceaa22f50c4c421
data/image217.json,34871,9fe49eac7f12df172c4a918bc23d80cf13a68304e0fb680a72a5b4c8158474de
data/image218.png,1267334,c1906b38ec60d4934e006d0b6ca102d4a66e9b8d869f7d21a3f19d38ff8ce2de
data/image218.json,7276,f48f258413e3e73d8e91d52fbae067ba02e02bcd9baaf830969e410668396dc4
data/image219.png,1636529,ab5bec529489e2ff3edfb9f08aa9b3b1a6ce834859f202fd8a9d43ba3c7cb066
data/image219.json,102049,a3d233e66b6cd3e857447d0c71df52eec16cc0e1e1b033fcbaca6dccaf14c720
data/image220.png,1445160,e0e3bd8e6c15c14a049f47aafd4f9d35577ba344ae5a8b536ae757136de19349
data/image220.json,5957,07a38b37c4d7e595b839540b89c5fad8f83e32c8fa77a017a36eb3c118b61b39
data/image221.png,1293808,c5454e16021e765f6a323c741351fb0b33d5aceb46ad0fd6373ac43d565cf03b
data/image221.json,11157,2c6ab489aadd2b13777643b11602be4b5b4933130be0c3c524cb7105a05ecbd8
data/image222.png,1408692,9b65ca3ea5e05b148c5fc8323dbf8d77e36522ede28554e50d2d9bc7dbe6b4bf
data/image222.json,426574,b470ce13a2077a58b0c6a201f47fd4b0a82e0db935a65f916a67d80eb9a148b6
data/image223.png,1397247,bb9b91ec87edf4b35dab4065d7573df17f668c3c18a6d35cef125268d7174bec
data/image223.json,10340,32f06d9b1a7811ed0c9eaa7a70f2be7b0613d0887adad4829c08be43a0eda7e7
data/image224.png,1195419,f00c40154a8dcd438a3de4d4db9aeb8ad76b4f041592316906c9871dfef09bce
data/image224.json,18384,ea258b2dcb01471f7c551c87d9f64736dc6be144e8de54df9cd6389b5f28133c
data/image225.png,1623691,cfacee5b7477d73af9c8b6d4032df866a57a94d5fc1dc88e10b72014a1724d39
data/image225.json,223177,4b4347cadcc16a298b347b5992bc7b44446ab919058eeaefa19501166c852a2d
data/image226.png,1410991,1fb9eebeb42918443c498501aefdc853462d35b0098174d24c487531058e626f
data/image226.json,107884,5d96a80fb35d74d038db55b5eaee57a5cf15ebfe2887c36042870ba60dad3e43
data/image227.png,1617710,28595de0e1de249a0a22af4fd027ae09f5ccb3b7e1d2bbd701ed587913156e5b
data/image227.json,195827,950f4be37d37ea6034fb49e34e3386aa91ab33c0dfe80be2c100af3e7ab2d493
data/image228.png,1286448,e5dd09cf694938342084d84f09232f41488b8ff429d05b96dd73887393115cba
data/image228.json,37152,0d5f6f1c4d9f13eca44cdcd4edeca2df7667dc1726af044418373b9b3c117f3a
data/image229.png,1468454,e81b40e6ff8fc7ca56ace386dbfcd9372119a0d9008b10bfbc495e199b207609
data/image229.json,9403,b1982f9c4624b9f01ddec6ab6fd79a73335360a3b98d9ee3c34d0c8a91fe4313
data/image230.png,1380490,814348e2d098bbd9616ccd968548ea3c1669a1fc7cc13a81ce82d748437be59d
data/image230.json,55918,c8f6296b0abc2a1e0d4b8d96581243c6481c9ee0dcfefa1d5f5e721c85c6ffd9
data/image231.png,1221646,1c0490240b644d0d2d405345338b651f067f621ba104a6ddafdda3adf783fcec
data/image231.json,287385,c2d9119c569f16e08b30cf238aa71444e114c14a6bd50471a2e202397a554d93
data/image232.png,1391145,c45e996480a64a027628794ee4a7a1ce96a8a8a6edc47a40393ea85942d6a13a
data/image232.json,147165,3f99df8a3ff0473f3a5242edb4701550c3ab3db58ae7497dcae1c8768d32fb94
data/image233.png,1468271,ead84c1a25f034b971a25f80d656db05eff05ad57c297b0aa99aa50f178e4b77
data/image233.json,169880,f400256ca46c322b53babb278c1616b38afd3819a89199bc1cc3768de34ab7d3
data/image234.png,1292722,36b52cd6efc5b701b0e482865793e69189e1a6786fa8a3f10bdd070bdeb93dc2
data/image234.json,202404,24796e74a9a51ed81ce93bc84e7498e9cf6599e5c2056e4d17facd0d55d45e61
data/image235.png,1521985,49a55f6158096021a61f8009eb843d06c5cca1e7d59c44e4e24d94a4fba44b7e
data/image235.json,105093,4cf1f17cb8439b36b5d71bfacbd0f4a779a6dd5ebe4ad9cc6ac5884abf43dff0
data/image236.png,1490569,e167c64a3b77782832b567cc1d02c431c2d9d860658ad90c63676068265fa04a
data/image236.json,15930,87eff6bdbc1c3de364c3f7ac45deb5175496d9c67d3cf72edcce7827feffb36c
data/image237.png,1431718,66d1e50ae85bf77c31ced7c55dbecdd4add6367bd771eff49fc7a59cd214fd35
data/image237.json,2230,394fce4bc4d4298a30451127144e0cbee023cac9d0530aded197e9f3bb3e33cd
data/image238.png,1658354,99936ae7763b9175bff939258c23959806bd92b95103ce522e6bf2c385c98f9f
data/image238.json,463682,83a5592d257eb3eae02bb4a56f1d98f34671e6acfbe07933bf85963148d1bda3
data/image239.png,1515909,4cd3e39ddb4e56830df1cf1d52ae887119f7c97fdf148c1c35d5bbabb49300b9
data/image239.json,459492,7a8c20f682eaf9af3b2e5ab0e2b068646f48b9ac5b54405c0c121635b397b99f
data/image240.png,1543856,d1afea03c2c1da57e8e3c2e8bb9d7a23806a51f594425615e358e3cc2a7f538b
data/image240.json,2503,6e066215be3ea9b44b883eb76a5b5dd4b9f4573c90ddcf7b40184db66e09c723
data/image241.png,1460721,f211c208702787db322458812a1083c77910c59e75274ed47de1038a9fe2f097
data/image241.json,2502,d0e123711ceb513fb040ec4fccbfc0189f49f37ba240e396080338f9e10d1537
data/image242.png,1432388,0d0b20042c85de00001147195a3e85ed2b822e4c44b3490a8ed5d4b1d0e94753
data/image242.json,261592,c3b585dde8da313047d102e669f95ef883405d9a10775dcf0044da8e7fc8fb91
data/image243.png,1409264,5dd9f50b408e232b2d330aa5dc69198c10feb987b418723b3fb1129062566097
data/image243.json,550506,0480092ca2d392bcb53ac1bb3ffb9bbd1583e1f7199fab18e2234e289d050493
data/image244.png,1198515,c8495a8c15b71dfec77b6590b6055a73f2b5b87d11bd80160a9eb498393caea6
data/image244.json,83269,f50e93ec3f4b70e8c20daaec828cdc0ce7d48cd9b29597a07345be67d79e2467
data/image245.png,1539784,1327d8ed404fc9bad9fcff00cee3350986be930c7e41cc8473641741401336d9
data/image245.json,553187,ee59ccc0ac007f24f56aed40aa1ea765a0798459f3e6a789d7a6787831b6c1d3
data/image246.png,1484978,87c2776c30950b7e0e0dc6ec8091f942dfcb3b3d8a4694018dd4893a9cd5f1ae
data/image246.json,460118,816823fc4ec69f2d206869cadd9e9736a1d64bd07748c15b77f884b4da73ee4b
data/image247.png,1196068,7c74506ebfcf35205c2498dc1d19c1c35504c6c1a8e6ef2ff578ad9a80bb74d9
data/image247.json,106018,d1dd9ae52207ad534b7f5867369c3317ea2bf10c64a83aa3d471af68ede913e9
data/image248.png,1536072,88a0076fd20de563e24b92882881780a4ae932148c790651a533475e8c828fdd
data/image248.json,527446,d89a8b69473a7b5f3761b27b84d200ba6608d0ebe8b6a4b001519e3f5a9a5a24
